#time,nodeid,segNum,lastChunkSize,lastChunkStartTime,lastChunkFinishTime,bufferUpto,totalRebuffer,lastQuality,currentRebuffer
+2230308319.0ns,22,0,480837,1.39637,2.23031,8,0,0,0
+3064308319.0ns,22,1,521374,2.23031,3.06431,15.166,0,0,0
+3850108319.0ns,22,2,301516,3.06431,3.85011,22.3802,0,0,0
+4470741599.0ns,22,3,448068,3.85011,4.47074,29.7596,0,0,0
+5282908319.0ns,22,4,445850,4.47074,5.28291,36.9474,0,0,0
+13016312479.0ns,22,5,333695,12.2303,13.0163,37.214,0,0,0
+21041708319.0ns,22,6,415766,20.2303,21.0417,37.1886,0,0,0
+29016108319.0ns,22,7,230473,28.2303,29.0161,37.2142,0,0,0
