#time,nodeid,segNum,lastChunkSize,lastChunkStartTime,lastChunkFinishTime,bufferUpto,totalRebuffer,lastQuality,currentRebuffer
+2230308319.0ns,22,0,480837,1.39637,2.23031,8,0,0,0
+3064308319.0ns,22,1,521374,2.23031,3.06431,15.166,0,0,0
+3946308319.0ns,22,2,743066,3.06431,3.94631,22.284,0,2,0
+5430908319.0ns,22,3,4025629,3.94631,5.43091,28.7994,0,5,0
+6939808319.0ns,22,4,4206543,5.43091,6.93981,35.2905,0,5,0
+13377808319.0ns,22,5,2242387,12.2303,13.3778,36.8525,0,5,0
+21667608319.0ns,22,6,3755393,20.2303,21.6676,36.5627,0,5,0
+29425908319.0ns,22,7,2474643,28.2303,29.4259,36.8044,0,5,0
