#time,nodeid,segNum,lastChunkSize,lastChunkStartTime,lastChunkFinishTime,bufferUpto,totalRebuffer,lastQuality,currentRebuffer
+2249235713.0ns,22,0,480837,1.39974,2.24924,16,0,0,0
+3350985713.0ns,22,1,1773986,2.24924,3.35099,30.8983,0,3,0
+5404485713.0ns,22,2,2133408,4.24924,5.40449,44.8447,0,5,0
+21782485713.0ns,22,3,4025629,20.2492,21.7825,44.4667,0,5,0
+37811235713.0ns,22,4,4206543,36.2492,37.8112,44.438,0,5,0
+53427985713.0ns,22,5,2242387,52.2492,53.428,44.8212,0,5,0
+69731503570.0ns,22,6,3755393,68.2492,69.7315,44.5177,0,5,0
