#time,nodeid,segNum,lastChunkSize,lastChunkStartTime,lastChunkFinishTime,bufferUpto,totalRebuffer,lastQuality,currentRebuffer
+2230808319.0ns,16,0,480837,1.39637,2.23081,8,0,0,0
+3065108319.0ns,16,1,521374,2.23081,3.06511,15.1657,0,0,0
+3947541599.0ns,16,2,743066,3.06511,3.94754,22.2833,0,2,0
+5432808319.0ns,16,3,4025629,3.94754,5.43281,28.798,0,5,0
+6945008319.0ns,16,4,4206543,5.43281,6.94501,35.2858,0,5,0
+13381208319.0ns,16,5,2242387,12.2308,13.3812,36.8496,0,5,0
+21670108319.0ns,16,6,3755393,20.2308,21.6701,36.5607,0,5,0
